	doc_id	texts	field_id	can_targets	can_labels	cand_pos	can_tokens	tokens_pos
0	000.json	25/12/2018 8:13:39 PM	date	Positive	date	[0.5475161987041036, 0.37561697926949655]	['document', 'date', '<PAD/>', '<PAD/>', '<PAD/>', '<PAD/>', '<PAD/>', '<PAD/>', '<PAD/>', '<PAD/>']	[[-0.19222462203023755, -0.029615004935834188], [-0.3898488120950323, 0.000493583415597243], [-1, -1], [-1, -1], [-1, -1], [-1, -1], [-1, -1], [-1, -1], [-1, -1], [-1, -1]]
1	000.json	9.000	background	Negative	total	[0.48272138228941686, 0.5967423494570583]	['code', 'price', 'qti', '<Number/>', '<PAD/>', '<PAD/>', '<PAD/>', '<PAD/>', '<PAD/>', '<PAD/>']	[[-0.31965442764578833, -0.08785784797630802], [0.0, -0.08933859822309975], [-0.2980561555075594, -0.06317867719644621], [-0.30561555075593955, -0.027640671273445272], [-1, -1], [-1, -1], [-1, -1], [-1, -1], [-1, -1], [-1, -1]]
2	000.json	9.00	total	Positive	total	[0.9222462203023758, 0.5967423494570583]	['amount', 'qti', '<PAD/>', '<PAD/>', '<Number/>', 'model', '<PAD/>', '<PAD/>', '<Number/>', '<Number/>']	[[-0.04211663066954641, -0.08933859822309975], [-0.7375809935205183, -0.06317867719644621], [-1, -1], [-1, -1], [-0.7451403887688985, -0.027640671273445272], [-0.32289416846652264, -0.02714708785784803], [-1, -1], [-1, -1], [-0.43952483801295894, 0.0], [-0.29157667386609065, 0.000493583415597243]]
3	000.json	9.00	total	Positive	total	[0.9114470842332614, 0.7018756169792695]	['total', 'rour', '<Number/>', 'round', '<Number/>', '<PAD/>', '<PAD/>', '<PAD/>', '<PAD/>', '<PAD/>']	[[-0.33045356371490286, -0.06169792694965448], [-0.4697624190064795, -0.031589338598223105], [0.0075593952483801186, -0.03405725567620921], [-0.5032397408207343, 0.0024679170779862147], [0.010799136069114423, -0.06367226061204345], [-1, -1], [-1, -1], [-1, -1], [-1, -1], [-1, -1]]
4	000.json	10.00	background	Negative	total	[0.9103671706263499, 0.7458045409674235]	['rour', '<Number/>', 'round', '<Number/>', 'cash', '<PAD/>', '<PAD/>', '<PAD/>', '<PAD/>', '<PAD/>']	[[-0.468682505399568, -0.07551826258637717], [0.008639308855291628, -0.07798617966436328], [-0.5021598272138228, -0.04146100691016785], [0.001079913606911509, -0.04392892398815407], [-0.42656587473002155, -0.000987166831194486], [-1, -1], [-1, -1], [-1, -1], [-1, -1], [-1, -1]]
5	000.json	1.00	background	Negative	total	[0.9233261339092873, 0.7690029615004936]	['rour', 'round', '<Number/>', 'cash', '<Number/>', 'chang', '<PAD/>', '<PAD/>', '<PAD/>', '<PAD/>']	[[-0.48164146868250546, -0.09871668311944726], [-0.5151187904967602, -0.06465942744323794], [-0.011879049676025932, -0.06712734452122415], [-0.439524838012959, -0.02418558736426457], [-0.012958963282937441, -0.023198420533070085], [-0.40928725701943847, 0.0], [-1, -1], [-1, -1], [-1, -1], [-1, -1]]
6	000.json	9.00	total	Positive	total	[0.9222462203023758, 0.638203356367226]	['<Number/>', 'model', '<PAD/>', '<PAD/>', '<Number/>', '<Number/>', '<Number/>', 'total', '<PAD/>', '<PAD/>']	[[-0.7451403887688985, -0.06910167818361301], [-0.32289416846652264, -0.06860809476801577], [-1, -1], [-1, -1], [-0.43952483801295894, -0.04146100691016774], [-0.29157667386609065, -0.0409674234945705], [0.0, -0.04146100691016774], [-0.3412526997840173, 0.001974333662388972], [-1, -1], [-1, -1]]
7	001.json	19/10/2018 20:49:59 #01	date	Positive	date	[0.3109339407744875, 0.37649402390438247]	['<PAD/>', '<PAD/>', '<PAD/>', '<PAD/>', '<PAD/>', '<PAD/>', '<PAD/>', '<PAD/>', '<PAD/>', '<PAD/>']	[[-1, -1], [-1, -1], [-1, -1], [-1, -1], [-1, -1], [-1, -1], [-1, -1], [-1, -1], [-1, -1], [-1, -1]]
8	001.json	LOCATION/SP: 05 /0531	background	Negative	date	[0.6503416856492027, 0.3999003984063745]	['receipt', '<PAD/>', 'cashier', '<PAD/>', '<PAD/>', '<PAD/>', '<PAD/>', '<PAD/>', '<PAD/>', '<PAD/>']	[[-0.17425968109339401, -0.0747011952191235], [-1, -1], [-0.4715261958997722, 0.0019920318725099584], [-1, -1], [-1, -1], [-1, -1], [-1, -1], [-1, -1], [-1, -1], [-1, -1]]
9	001.json	10.00	background	Negative	total	[0.6059225512528473, 0.575199203187251]	['room', 'desc', 'qti', 'price', 'privileg', '<Number/>', '<Number/>', '<PAD/>', '<PAD/>', '<PAD/>']	[[-0.43280182232346237, -0.09860557768924305], [-0.4487471526195899, -0.04930278884462158], [-0.15603644646924825, -0.04880478087649409], [-0.005694760820045497, -0.05129482071713154], [-0.2665148063781321, -0.02639442231075706], [-0.4931662870159453, 0.0004980079681274896], [-0.12870159453302954, -0.0009960159362549792], [-1, -1], [-1, -1], [-1, -1]]
10	001.json	10.00	background	Negative	total	[0.7984054669703873, 0.5712151394422311]	['room', '<Number/>', 'desc', 'qti', 'price', 'amt', 'privileg', '<Number/>', '<Number/>', '<PAD/>']	[[-0.6252847380410023, -0.09462151394422313], [-0.017084282460136713, -0.0961155378486056], [-0.6412300683371299, -0.045318725099601664], [-0.3485193621867882, -0.044820717131474175], [-0.19817767653758545, -0.04731075697211162], [-0.02505694760820054, -0.04780876494023911], [-0.458997722095672, -0.022410358565737143], [-0.3211845102505695, 0.0029880478087649376], [-0.19248291571753995, 0.003984063745019917], [-1, -1]]
11	001.json	55.90	background	Negative	total	[0.5979498861047836, 0.6195219123505976]	['desc', 'qti', 'price', 'privileg', '<Number/>', '<Number/>', '<Number/>', 'tabl', '<Number/>', '<PAD/>']	[[-0.4407744874715262, -0.09362549800796816], [-0.14806378132118453, -0.09312749003984067], [0.002277904328018221, -0.09561752988047811], [-0.25854214123006836, -0.07071713147410363], [-0.48519362186788156, -0.043824701195219085], [-0.12072892938496582, -0.04531872509960155], [0.007972665148063718, -0.044322709163346574], [-0.28018223234624146, -0.019920318725099584], [-0.12186788154897493, 0.003486055776892427], [-1, -1]]
12	001.json	55.90	background	Negative	total	[0.7835990888382688, 0.6210159362549801]	['amt', 'privileg', '<Number/>', '<Number/>', '<Number/>', '<Number/>', 'tabl', '<Number/>', '<Number/>', '<Number/>']	[[-0.01025056947608205, -0.09760956175298807], [-0.44419134396355353, -0.0722111553784861], [-0.6708428246013667, -0.04531872509960155], [-0.306378132118451, -0.04681274900398402], [-0.17767653758542146, -0.04581673306772904], [0.014806378132118492, -0.04980079681274896], [-0.46583143507972663, -0.021414342629482053], [-0.6674259681093394, 0.002490039840637448], [-0.3075170842824601, 0.0019920318725099584], [-0.18564920273348517, -0.0014940239043824688]]
13	001.json	10.00%	background	Negative	total	[0.5535307517084282, 0.6489043824701195]	['privileg', '<Number/>', '<Number/>', 'tabl', '<Number/>', '<Number/>', 'disc', '<PAD/>', '<PAD/>', '<PAD/>']	[[-0.214123006833713, -0.10009960159362552], [-0.4407744874715262, -0.07320717131474097], [-0.07630979498861046, -0.07470119521912344], [-0.2357630979498861, -0.04930278884462147], [-0.43735763097949887, -0.02539840637450197], [-0.07744874715261957, -0.02589641434262946], [-0.16514806378132119, -0.0009960159362549792], [-1, -1], [-1, -1], [-1, -1]]
14	001.json	60.31	background	Negative	total	[0.7972665148063781, 0.6982071713147411]	['<Number/>', '<Number/>', '<Number/>', '<Number/>', 'disc', '<PAD/>', '<PAD/>', 'total', '<Number/>', 'total']	[[-0.6810933940774487, -0.07470119521912355], [-0.32118451025056943, -0.07519920318725104], [-0.1993166287015945, -0.07868525896414347], [-0.013667425968109326, -0.077191235059761], [-0.40888382687927105, -0.05029880478087656], [-1, -1], [-1, -1], [-0.6298405466970387, -0.021414342629482164], [-0.40774487471526194, -0.02589641434262957], [-0.44874715261959, 0.0014940239043824688]]
15	001.json	60.30	total	Positive	total	[0.7961275626423691, 0.773406374501992]	['total', '<Number/>', 'total', '<Number/>', 'round', '<PAD/>', '<PAD/>', '<PAD/>', '<PAD/>', '<PAD/>']	[[-0.6287015945330297, -0.09661354581673309], [-0.4066059225512529, -0.1010956175298805], [-0.4476082004555809, -0.07370517928286846], [0.001138952164009055, -0.07519920318725093], [-0.4783599088838269, -0.04830677290836649], [-1, -1], [-1, -1], [-1, -1], [-1, -1], [-1, -1]]
16	001.json	70.30	background	Negative	total	[0.7961275626423691, 0.7973107569721115]	['total', 'round', '<PAD/>', '<PAD/>', '<Number/>', 'cash', '<PAD/>', '<PAD/>', '<PAD/>', '<PAD/>']	[[-0.4476082004555809, -0.09760956175298796], [-0.4783599088838269, -0.07221115537848599], [-1, -1], [-1, -1], [0.0, -0.0239043824701195], [-0.4476082004555809, 0.0004980079681274896], [-1, -1], [-1, -1], [-1, -1], [-1, -1]]
17	001.json	10.00	background	Negative	total	[0.8006833712984055, 0.8207171314741036]	['round', '<PAD/>', '<PAD/>', '<Number/>', 'cash', '<Number/>', 'chang', '<PAD/>', '<PAD/>', '<PAD/>']	[[-0.48291571753986334, -0.09561752988047811], [-1, -1], [-1, -1], [-0.004555808656036442, -0.04731075697211162], [-0.45216400911161736, -0.022908366533864633], [-0.004555808656036442, -0.023406374501992122], [-0.45330296127562647, 0.0009960159362549792], [-1, -1], [-1, -1], [-1, -1]]
18	002.json	LOT 1851-A & 1851-B, JALAN KPB 6,	address	Negative	date	[0.4793028322440087, 0.22550052687038988]	['dti', 'coreg', '<PAD/>', '<PAD/>', '<PAD/>', '<PAD/>', '<PAD/>', '<PAD/>', '<PAD/>', '<PAD/>']	[[0.005446623093681935, -0.04425711275026342], [0.018518518518518545, -0.02054794520547945], [-1, -1], [-1, -1], [-1, -1], [-1, -1], [-1, -1], [-1, -1], [-1, -1], [-1, -1]]
19	002.json	CHOPPING BOARD 35.5X25.5CM 803M#	background	Negative	date	[0.40522875816993464, 0.3577449947312961]	['seri', 'diy', '<PAD/>', '<PAD/>', '<PAD/>', '<PAD/>', '<PAD/>', '<PAD/>', '<PAD/>', '<PAD/>']	[[0.08932461873638342, -0.08587987355110643], [0.08169934640522875, -0.06427818756585879], [-1, -1], [-1, -1], [-1, -1], [-1, -1], [-1, -1], [-1, -1], [-1, -1], [-1, -1]]
20	002.json	EZ10HD05 - 24	background	Negative	date	[0.1895424836601307, 0.37987355110642784]	['<PAD/>', '<PAD/>', '<PAD/>', '<PAD/>', '<PAD/>', '<PAD/>', '<PAD/>', '<PAD/>', '<PAD/>', '<PAD/>']	[[-1, -1], [-1, -1], [-1, -1], [-1, -1], [-1, -1], [-1, -1], [-1, -1], [-1, -1], [-1, -1], [-1, -1]]
21	002.json	19.00	background	Negative	total	[0.6895424836601307, 0.40516332982086406]	['invoic', 'chop', '<PAD/>', '<Number/>', '<Number/>', '<PAD/>', '<PAD/>', '<PAD/>', '<PAD/>', '<PAD/>']	[[-0.20588235294117646, -0.09009483667017915], [-0.28431372549019607, -0.04741833508956794], [-1, -1], [-0.5642701525054467, -0.0026343519494204104], [-0.13616557734204793, -0.0015806111696522462], [-1, -1], [-1, -1], [-1, -1], [-1, -1], [-1, -1]]
22	002.json	19.00	background	Negative	total	[0.8387799564270153, 0.4062170706006322]	['invoic', 'chop', '<PAD/>', '<Number/>', '<Number/>', '<PAD/>', '<Number/>', '<PAD/>', '<PAD/>', '<PAD/>']	[[-0.35511982570806105, -0.09114857744994731], [-0.43355119825708066, -0.048472075869336106], [-1, -1], [-0.7135076252723312, -0.0036880927291885746], [-0.2854030501089325, -0.0026343519494204104], [-1, -1], [-0.1492374727668846, -0.0010537407797681642], [-1, -1], [-1, -1], [-1, -1]]
23	002.json	HC03-7 - 15	background	Negative	date	[0.16666666666666666, 0.4473129610115911]	['<PAD/>', '<Number/>', '<PAD/>', '<PAD/>', '<PAD/>', '<PAD/>', '<PAD/>', '<PAD/>', '<PAD/>', '<PAD/>']	[[-1, -1], [-0.04139433551198257, -0.044783983140147476], [-1, -1], [-1, -1], [-1, -1], [-1, -1], [-1, -1], [-1, -1], [-1, -1], [-1, -1]]
24	002.json	8.02	background	Negative	total	[0.696078431372549, 0.4731296101159115]	['<PAD/>', '<Number/>', '<Number/>', '<PAD/>', '<Number/>', 'air', '<PAD/>', '<Number/>', '<Number/>', '<PAD/>']	[[-1, -1], [-0.5708061002178649, -0.07060063224446783], [-0.1427015250544662, -0.06954689146469967], [-1, -1], [-0.006535947712418277, -0.06796628029504742], [-0.275599128540305, -0.045837723919915696], [-1, -1], [-0.579520697167756, -0.003161222339304548], [-0.14814814814814814, -0.0010537407797681642], [-1, -1]]
25	002.json	8.02	background	Negative	total	[0.8464052287581699, 0.4720758693361433]	['<Number/>', '<PAD/>', '<Number/>', '<Number/>', 'air', '<PAD/>', '<Number/>', '<Number/>', '<PAD/>', '<Number/>']	[[-0.29302832244008714, -0.0684931506849315], [-1, -1], [-0.1568627450980392, -0.06691253951527926], [-0.00762527233115462, -0.06585879873551109], [-0.42592592592592593, -0.04478398314014753], [-1, -1], [-0.7298474945533769, -0.002107481559536384], [-0.2984749455337691, 0.0], [-1, -1], [-0.15032679738562094, 0.0010537407797681642]]
26	002.json	WA14-3A - 48	background	Negative	date	[0.17538126361655773, 0.5131717597471022]	['<PAD/>', '<Number/>', '<PAD/>', '<PAD/>', '<PAD/>', '<PAD/>', '<PAD/>', '<PAD/>', '<PAD/>', '<PAD/>']	[[-1, -1], [-0.058823529411764705, -0.04320337197049523], [-1, -1], [-1, -1], [-1, -1], [-1, -1], [-1, -1], [-1, -1], [-1, -1], [-1, -1]]
27	002.json	3.02	background	Negative	total	[0.6949891067538126, 0.5400421496311907]	['<PAD/>', '<Number/>', '<Number/>', '<PAD/>', '<Number/>', 'waxco', '<PAD/>', '<Number/>', '<Number/>', '<PAD/>']	[[-1, -1], [-0.5784313725490197, -0.07007376185458375], [-0.1470588235294118, -0.06796628029504737], [-1, -1], [0.0010893246187363426, -0.0669125395152792], [-0.3148148148148148, -0.04689146469968386], [-1, -1], [-0.5021786492374728, -0.0015806111696522462], [-0.14596949891067534, -0.0026343519494204104], [-1, -1]]
28	002.json	3.02	background	Negative	total	[0.8496732026143791, 0.5400421496311907]	['<Number/>', '<PAD/>', '<Number/>', '<Number/>', 'waxco', '<PAD/>', '<Number/>', '<Number/>', '<PAD/>', '<Number/>']	[[-0.3017429193899782, -0.06796628029504737], [-1, -1], [-0.15359477124183007, -0.0669125395152792], [-0.0032679738562091387, -0.06796628029504737], [-0.46949891067538124, -0.04689146469968386], [-1, -1], [-0.6568627450980392, -0.0015806111696522462], [-0.30065359477124176, -0.0026343519494204104], [-1, -1], [-0.15468409586056642, 0.0]]
29	002.json	3.88	background	Negative	total	[0.6928104575163399, 0.6059009483667018]	['<PAD/>', '<Number/>', '<Number/>', '<PAD/>', '<Number/>', 'bopp', '<PAD/>', '<Number/>', '<Number/>', '<PAD/>']	[[-1, -1], [-0.5, -0.0674394099051634], [-0.14379084967320255, -0.06849315068493156], [-1, -1], [0.002178649237472796, -0.06585879873551115], [-0.37254901960784315, -0.04741833508956805], [-1, -1], [-0.5032679738562091, -0.0021074815595364393], [-0.1470588235294118, -0.0031612223393046035], [-1, -1]]
30	002.json	3.88	background	Negative	total	[0.8616557734204793, 0.6053740779768177]	['<Number/>', '<PAD/>', '<Number/>', '<Number/>', 'bopp', '<PAD/>', '<Number/>', '<Number/>', '<PAD/>', '<Number/>']	[[-0.312636165577342, -0.06796628029504748], [-1, -1], [-0.16666666666666663, -0.06533192834562707], [-0.011982570806100212, -0.06533192834562707], [-0.5413943355119826, -0.04689146469968397], [-1, -1], [-0.6721132897603486, -0.0015806111696523573], [-0.3159041394335512, -0.0026343519494205214], [-1, -1], [-0.16884531590413943, 0.0005268703898840821]]
31	002.json	RM 33.92	background	Negative	total	[0.8485838779956427, 0.6944151738672286]	['<Number/>', '<Number/>', '<PAD/>', '<Number/>', '<Number/>', 'item', 'qti', 'total', '<PAD/>', '<PAD/>']	[[-0.659041394335512, -0.09062170706006323], [-0.30283224400871467, -0.09167544783983139], [-1, -1], [-0.15577342047930287, -0.08851422550052679], [0.013071895424836555, -0.08904109589041087], [-0.6819172113289761, -0.04741833508956794], [-0.020697167755991286, -0.04373024236037926], [-0.74400871459695, -0.005268703898840821], [-1, -1], [-1, -1]]
32	002.json	-RM 0.02	background	Negative	total	[0.8507625272331155, 0.7144362486828241]	['item', 'qti', 'total', '<PAD/>', 'round', '<PAD/>', '<PAD/>', '<PAD/>', '<PAD/>', '<PAD/>']	[[-0.6840958605664489, -0.0674394099051634], [-0.022875816993464082, -0.06375131717597471], [-0.7461873638344227, -0.025289778714436273], [-1, -1], [-0.5980392156862746, -0.0005268703898840821], [-1, -1], [-1, -1], [-1, -1], [-1, -1], [-1, -1]]
33	002.json	RM 33.90	background	Negative	total	[0.8474945533769063, 0.7376185458377239]	['item', 'qti', 'total', '<PAD/>', 'round', '<PAD/>', 'total', '<PAD/>', '<PAD/>', '<PAD/>']	[[-0.6808278867102396, -0.09062170706006323], [-0.019607843137254832, -0.08693361433087454], [-0.7429193899782135, -0.048472075869336106], [-1, -1], [-0.5947712418300652, -0.023709167544783916], [-1, -1], [-0.6612200435729847, -0.0005268703898840821], [-1, -1], [-1, -1], [-1, -1]]
34	002.json	RM 50.00	background	Negative	total	[0.8474945533769063, 0.7586933614330874]	['total', '<PAD/>', 'round', '<PAD/>', 'total', '<PAD/>', 'cash', '<PAD/>', '<PAD/>', '<PAD/>']	[[-0.7429193899782135, -0.06954689146469961], [-1, -1], [-0.5947712418300652, -0.04478398314014742], [-1, -1], [-0.6612200435729847, -0.021601685985247587], [-1, -1], [-0.7625272331154683, -0.0010537407797681642], [-1, -1], [-1, -1], [-1, -1]]
35	002.json	RM 16.10	background	Negative	total	[0.8507625272331155, 0.7829293993677555]	['total', '<PAD/>', 'round', '<PAD/>', 'total', '<PAD/>', 'cash', '<PAD/>', 'chang', '<PAD/>']	[[-0.7461873638344227, -0.09378292939936772], [-1, -1], [-0.5980392156862746, -0.06902002107481553], [-1, -1], [-0.664488017429194, -0.045837723919915696], [-1, -1], [-0.7657952069716776, -0.025289778714436273], [-1, -1], [-0.7418300653594772, -0.0010537407797681642], [-1, -1]]
36	002.json	12-01-19 21:13 SH01 ZK09	date	Positive	date	[0.31699346405228757, 0.8240252897787145]	['total', 'cash', 'chang', '<PAD/>', '<PAD/>', '<PAD/>', '<PAD/>', '<PAD/>', '<PAD/>', '<PAD/>']	[[-0.130718954248366, -0.08693361433087465], [-0.23202614379084965, -0.06638566912539523], [-0.2080610021786492, -0.04214963119072712], [-1, -1], [-1, -1], [-1, -1], [-1, -1], [-1, -1], [-1, -1], [-1, -1]]
37	004.json	LOT 1851-A & 1851-B, JALAN KPB 6,	address	Negative	date	[0.47300215982721383, 0.2149122807017544]	['diy', 'rfg', '<PAD/>', '<PAD/>', '<PAD/>', '<PAD/>', '<PAD/>', '<PAD/>', '<PAD/>', '<PAD/>']	[[0.0010799136069114534, -0.038499025341130616], [0.009719222462203025, -0.018518518518518517], [-1, -1], [-1, -1], [-1, -1], [-1, -1], [-1, -1], [-1, -1], [-1, -1], [-1, -1]]
38	004.json	WA45 /2A - 12	background	Negative	date	[0.19438444924406048, 0.36208576998050684]	['<PAD/>', '<PAD/>', '<PAD/>', '<PAD/>', '<PAD/>', '<PAD/>', '<PAD/>', '<PAD/>', '<PAD/>', '<PAD/>']	[[-1, -1], [-1, -1], [-1, -1], [-1, -1], [-1, -1], [-1, -1], [-1, -1], [-1, -1], [-1, -1], [-1, -1]]
39	004.json	3.11	background	Negative	total	[0.6987041036717062, 0.3830409356725146]	['tesco', 'invoic', 'kilat', '<PAD/>', '<Number/>', '<Number/>', '<PAD/>', '<PAD/>', '<PAD/>', '<PAD/>']	[[-0.22030237580993517, -0.10428849902534115], [-0.22030237580993517, -0.08479532163742692], [-0.2516198704103671, -0.042397660818713434], [-1, -1], [-0.5129589632829373, -0.0009746588693957392], [-0.1533477321814254, -0.001949317738791423], [-1, -1], [-1, -1], [-1, -1], [-1, -1]]
40	004.json	3.11	background	Negative	total	[0.8531317494600432, 0.3845029239766082]	['invoic', 'kilat', '<PAD/>', '<Number/>', '<Number/>', '<PAD/>', '<Number/>', '<PAD/>', '<PAD/>', '<PAD/>']	[[-0.3747300215982722, -0.08625730994152048], [-0.4060475161987041, -0.04385964912280699], [-1, -1], [-0.6673866090712743, -0.0024366471734892925], [-0.3077753779697624, -0.003411306042884976], [-1, -1], [-0.154427645788337, -0.0014619883040935533], [-1, -1], [-1, -1], [-1, -1]]
41	004.json	KILAT' ECO AUTO WASH &WAX EW-1000-1L	background	Negative	date	[0.44168466522678185, 0.40253411306042886]	['kilat', '<PAD/>', '<Number/>', '<PAD/>', '<PAD/>', '<PAD/>', '<PAD/>', '<PAD/>', '<PAD/>', '<PAD/>']	[[0.005399568034557267, -0.06189083820662766], [-1, -1], [-0.25593952483801297, -0.020467836257309968], [-1, -1], [-1, -1], [-1, -1], [-1, -1], [-1, -1], [-1, -1], [-1, -1]]
42	004.json	4.62	background	Negative	total	[0.6987041036717062, 0.44785575048732945]	['<PAD/>', '<Number/>', '<Number/>', '<PAD/>', '<Number/>', 'kilat', '<PAD/>', '<Number/>', '<Number/>', '<PAD/>']	[[-1, -1], [-0.5129589632829373, -0.06578947368421056], [-0.1533477321814254, -0.06676413255360625], [-1, -1], [0.0, -0.06481481481481483], [-0.25701943844492436, -0.045321637426900596], [-1, -1], [-0.5010799136069114, -0.001949317738791423], [-0.1555075593952483, -0.003898635477582846], [-1, -1]]
43	004.json	4.62	background	Negative	total	[0.8488120950323974, 0.44541910331384016]	['<Number/>', '<PAD/>', '<Number/>', '<Number/>', 'kilat', '<PAD/>', '<Number/>', '<Number/>', '<PAD/>', '<Number/>']	[[-0.3034557235421166, -0.06432748538011696], [-1, -1], [-0.1501079913606912, -0.06237816764132553], [0.004319654427645814, -0.06091617933723198], [-0.40712742980561556, -0.042884990253411304], [-1, -1], [-0.6511879049676026, 0.0004873294346978696], [-0.3056155507559395, -0.0014619883040935533], [-1, -1], [-0.1501079913606912, 0.0024366471734892925]]
44	004.json	11.23	background	Negative	total	[0.6825053995680346, 0.5073099415204678]	['<PAD/>', '<Number/>', '<Number/>', '<PAD/>', '<Number/>', 'moo', '<PAD/>', '<Number/>', '<Number/>', '<PAD/>']	[[-1, -1], [-0.48488120950323976, -0.06140350877192979], [-0.13930885529157666, -0.06335282651072122], [-1, -1], [0.016198704103671635, -0.05945419103313837], [-0.42764578833693306, -0.04142300194931775], [-1, -1], [-0.4978401727861771, 0.0], [-0.13822894168466526, -0.0019493177387913674], [-1, -1]]
45	004.json	11.23	background	Negative	total	[0.8401727861771058, 0.50682261208577]	['<Number/>', '<PAD/>', '<Number/>', '<Number/>', 'moo', '<PAD/>', '<Number/>', '<Number/>', '<PAD/>', '<Number/>']	[[-0.29697624190064786, -0.06286549707602335], [-1, -1], [-0.14146868250539957, -0.0589668615984405], [0.008639308855291628, -0.06140350877192979], [-0.5853131749460043, -0.04093567251461988], [-1, -1], [-0.6555075593952483, 0.0004873294346978696], [-0.29589632829373647, -0.0014619883040934978], [-1, -1], [-0.1576673866090712, 0.0004873294346978696]]
46	004.json	7.45	background	Negative	total	[0.6922246220302376, 0.5682261208576999]	['<PAD/>', '<Number/>', '<Number/>', '<PAD/>', '<Number/>', 'kleenso', 'wdoo', '<Number/>', '<Number/>', '<PAD/>']	[[-1, -1], [-0.5075593952483801, -0.060916179337232035], [-0.1479481641468683, -0.0628654970760234], [-1, -1], [-0.009719222462203025, -0.060916179337232035], [-0.2807775377969763, -0.0399610136452242], [-0.5431965442764579, -0.0199805068226121], [-0.5053995680345573, 0.0019493177387913674], [-0.14470842332613398, 0.0], [-1, -1]]
47	004.json	7.45	background	Negative	total	[0.8542116630669546, 0.5716374269005848]	['<Number/>', '<PAD/>', '<Number/>', '<Number/>', 'kleenso', 'wdoo', '<Number/>', '<Number/>', '<PAD/>', '<Number/>']	[[-0.3099352051835853, -0.06627680311890838], [-1, -1], [-0.17170626349892004, -0.06432748538011701], [-0.01403887688984884, -0.06481481481481488], [-0.4427645788336933, -0.04337231968810917], [-0.7051835853131749, -0.023391812865497075], [-0.6673866090712743, -0.0014619883040936088], [-0.306695464362851, -0.003411306042884976], [-1, -1], [-0.16198704103671702, -0.003411306042884976]]
48	004.json	PI12PJ11-4 - 6/300	background	Negative	date	[0.24622030237580994, 0.6111111111111112]	['wdoo', '<Number/>', 'handkerchief', '<PAD/>', '<PAD/>', '<PAD/>', '<PAD/>', '<PAD/>', '<PAD/>', '<PAD/>']	[[-0.09719222462203025, -0.0628654970760234], [-0.059395248380129606, -0.040935672514619936], [0.0572354211663067, -0.022417153996101447], [-1, -1], [-1, -1], [-1, -1], [-1, -1], [-1, -1], [-1, -1], [-1, -1]]
49	004.json	4.50	background	Negative	total	[0.6900647948164147, 0.6320662768031189]	['wdoo', '<Number/>', '<Number/>', '<PAD/>', '<Number/>', 'handkerchief', '<PAD/>', '<Number/>', '<Number/>', '<PAD/>']	[[-0.541036717062635, -0.08382066276803113], [-0.5032397408207343, -0.06189083820662766], [-0.14254859611231108, -0.06384015594541903], [-1, -1], [0.002159827213822907, -0.06384015594541903], [-0.38660907127429806, -0.04337231968810917], [-1, -1], [-0.5647948164146869, 0.0009746588693957392], [-0.14470842332613387, -0.0009746588693957392], [-1, -1]]
50	004.json	4.50	background	Negative	total	[0.8542116630669546, 0.631578947368421]	['<Number/>', '<PAD/>', '<Number/>', '<Number/>', 'handkerchief', '<PAD/>', '<Number/>', '<Number/>', '<PAD/>', '<Number/>']	[[-0.306695464362851, -0.06335282651072116], [-1, -1], [-0.16198704103671702, -0.06335282651072116], [0.0, -0.059941520467836185], [-0.550755939524838, -0.042884990253411304], [-1, -1], [-0.7289416846652268, 0.0014619883040936088], [-0.3088552915766738, -0.0004873294346978696], [-1, -1], [-0.16414686825053992, 0.0004873294346978696]]
51	004.json	RM 30.91	background	Negative	total	[0.847732181425486, 0.7110136452241715]	['<PAD/>', '<Number/>', '<Number/>', '<PAD/>', '<Number/>', '<Number/>', 'item', 'qti', 'total', '<PAD/>']	[[-1, -1], [-0.7224622030237582, -0.07797270955165692], [-0.3023758099352052, -0.0799220272904484], [-1, -1], [-0.1576673866090713, -0.07894736842105265], [0.00647948164146861, -0.07943469785575052], [-0.6825053995680346, -0.03703703703703709], [-0.017278617710583255, -0.03557504873294348], [-0.7494600431965444, 0.0], [-1, -1]]
52	004.json	RM 0.01	background	Negative	total	[0.8531317494600432, 0.7319688109161794]	['<Number/>', '<Number/>', '<PAD/>', '<Number/>', 'item', 'qti', 'total', '<PAD/>', 'round', '<PAD/>']	[[-0.7278617710583154, -0.09892787524366475], [-0.3077753779697624, -0.10087719298245623], [-1, -1], [-0.16306695464362853, -0.09990253411306049], [-0.6879049676025918, -0.05799220272904493], [-0.022678185745140467, -0.05653021442495132], [-0.7548596112311016, -0.020955165692007838], [-1, -1], [-0.6015118790496761, 0.0004873294346977586], [-1, -1]]
53	004.json	RM 30.90	background	Negative	total	[0.8423326133909287, 0.753411306042885]	['item', 'qti', 'total', '<PAD/>', 'round', '<PAD/>', 'total', '<PAD/>', '<PAD/>', '<PAD/>']	[[-0.6771058315334773, -0.07943469785575052], [-0.011879049676025932, -0.07797270955165692], [-0.744060475161987, -0.042397660818713434], [-1, -1], [-0.5907127429805615, -0.020955165692007838], [-1, -1], [-0.6511879049676026, 0.0004873294346978696], [-1, -1], [-1, -1], [-1, -1]]
54	004.json	RM 51.00	background	Negative	total	[0.8466522678185745, 0.7743664717348928]	['item', 'qti', 'total', '<PAD/>', 'round', '<PAD/>', 'total', '<PAD/>', 'cash', '<PAD/>']	[[-0.6814254859611231, -0.10038986354775836], [-0.016198704103671746, -0.09892787524366475], [-0.7483801295896328, -0.06335282651072127], [-1, -1], [-0.5950323974082073, -0.041910331384015675], [-1, -1], [-0.6555075593952484, -0.020467836257309968], [-1, -1], [-0.7494600431965442, -0.0009746588693957392], [-1, -1]]
55	004.json	RM 20.10	background	Negative	total	[0.8520518358531317, 0.7958089668615984]	['total', '<PAD/>', 'round', '<PAD/>', 'total', '<PAD/>', 'cash', '<PAD/>', 'chang', '<PAD/>']	[[-0.7537796976241901, -0.08479532163742687], [-1, -1], [-0.6004319654427646, -0.06335282651072127], [-1, -1], [-0.6609071274298056, -0.041910331384015564], [-1, -1], [-0.7548596112311015, -0.022417153996101336], [-1, -1], [-0.7462203023758099, -0.0019493177387913674], [-1, -1]]
56	004.json	18-11-18 13 : 58 SH01 ZI53	date	Positive	date	[0.3120950323974082, 0.8372319688109162]	['total', 'cash', 'chang', '<PAD/>', '<PAD/>', '<PAD/>', '<PAD/>', '<PAD/>', '<PAD/>', '<PAD/>']	[[-0.12095032397408209, -0.08333333333333337], [-0.21490280777537796, -0.06384015594541914], [-0.20626349892008639, -0.04337231968810917], [-1, -1], [-1, -1], [-1, -1], [-1, -1], [-1, -1], [-1, -1], [-1, -1]]
57	005.json	07-355 2616	background	Negative	date	[0.4816414686825054, 0.3181818181818182]	['taman', 'johor', '<PAD/>', '<PAD/>', '<PAD/>', '<PAD/>', '<PAD/>', '<PAD/>', '<PAD/>', '<PAD/>']	[[-0.012958963282937386, -0.07603305785123968], [-0.012958963282937386, -0.04132231404958675], [-1, -1], [-1, -1], [-1, -1], [-1, -1], [-1, -1], [-1, -1], [-1, -1], [-1, -1]]
58	005.json	09/01/2019 8:01:11 PM	date	Positive	date	[0.4524838012958963, 0.4570247933884298]	['cash', '<PAD/>', 'date', '<PAD/>', '<PAD/>', '<PAD/>', '<PAD/>', '<PAD/>', '<PAD/>', '<PAD/>']	[[-0.3099352051835853, -0.041322314049586806], [-1, -1], [-0.35529157667386607, -0.0033057851239669533], [-1, -1], [-1, -1], [-1, -1], [-1, -1], [-1, -1], [-1, -1], [-1, -1]]
59	005.json	15.50	background	Negative	total	[0.6177105831533477, 0.6090909090909091]	['descript', 'qti', 'price', 'plastic', '<Number/>', '<PAD/>', '<PAD/>', '<PAD/>', '<PAD/>', '<PAD/>']	[[-0.43088552915766737, -0.075206611570248], [-0.12095032397408206, -0.075206611570248], [0.011879049676025932, -0.07768595041322313], [-0.5086393088552915, 0.0024793388429751317], [-0.10367170626349886, 0.0049586776859503745], [-1, -1], [-1, -1], [-1, -1], [-1, -1], [-1, -1]]
60	005.json	31.00	total	Positive	total	[0.7667386609071274, 0.6140495867768595]	['descript', 'qti', 'price', 'amount', '<PAD/>', 'plastic', '<Number/>', '<Number/>', '<PAD/>', '<PAD/>']	[[-0.579913606911447, -0.08016528925619837], [-0.26997840172786175, -0.08016528925619837], [-0.13714902807775375, -0.0826446280991735], [0.02807775377969768, -0.07933884297520666], [-1, -1], [-0.6576673866090712, -0.0024793388429752428], [-0.25269978401727855, 0.0], [-0.1490280777537797, -0.0049586776859503745], [-1, -1], [-1, -1]]
61	005.json	31.00	total	Positive	total	[0.8369330453563715, 0.6702479338842975]	['<PAD/>', '<PAD/>', 'plastic', '<Number/>', '<Number/>', '<Number/>', 'total', '<PAD/>', '<PAD/>', '<PAD/>']	[[-1, -1], [-1, -1], [-0.7278617710583153, -0.05867768595041323], [-0.32289416846652264, -0.056198347107437985], [-0.21922246220302377, -0.06115702479338836], [-0.07019438444924408, -0.056198347107437985], [-0.33153347732181426, -0.0033057851239669533], [-1, -1], [-1, -1], [-1, -1]]
62	005.json	31.00	total	Positive	total	[0.816414686825054, 0.7123966942148761]	['plastic', '<Number/>', '<Number/>', '<Number/>', 'total', '<Number/>', 'total', '<PAD/>', '<PAD/>', '<PAD/>']	[[-0.7073434125269978, -0.1008264462809918], [-0.3023758099352052, -0.09834710743801656], [-0.19870410367170632, -0.10330578512396693], [-0.049676025917926636, -0.09834710743801656], [-0.3110151187904968, -0.045454545454545525], [0.02051835853131745, -0.04214876033057857], [-0.3801295896328294, -0.004132231404958664], [-1, -1], [-1, -1], [-1, -1]]
63	005.json	101.00	background	Negative	total	[0.826133909287257, 0.7446280991735538]	['total', '<Number/>', 'total', '<Number/>', 'cash', '<PAD/>', '<PAD/>', '<PAD/>', '<PAD/>', '<PAD/>']	[[-0.32073434125269984, -0.07768595041322324], [0.010799136069114423, -0.07438016528925628], [-0.3898488120950324, -0.036363636363636376], [-0.009719222462203025, -0.03223140495867771], [-0.40172786177105835, 0.0008264462809917106], [-1, -1], [-1, -1], [-1, -1], [-1, -1], [-1, -1]]
64	005.json	70.00	background	Negative	total	[0.8401727861771058, 0.7867768595041322]	['total', '<Number/>', 'cash', '<Number/>', 'chang', '<PAD/>', '<PAD/>', '<PAD/>', '<PAD/>', '<PAD/>']	[[-0.40388768898488114, -0.07851239669421484], [-0.023758099352051754, -0.07438016528925617], [-0.4157667386609071, -0.04132231404958675], [-0.014038876889848728, -0.04214876033057846], [-0.36177105831533474, -0.0033057851239669533], [-1, -1], [-1, -1], [-1, -1], [-1, -1], [-1, -1]]
65	009.json	ORD #50 -REG #19- 18/01/2018 10:27:03	date	Positive	date	[0.41804635761589404, 0.42511655011655014]	['tax', 'mfi', 'inv', '<PAD/>', '<PAD/>', '<PAD/>', '<PAD/>', '<PAD/>', '<PAD/>', '<PAD/>']	[[0.023178807947019875, -0.09498834498834502], [0.033940397350993357, -0.05710955710955712], [-0.18543046357615894, -0.019813519813519864], [-1, -1], [-1, -1], [-1, -1], [-1, -1], [-1, -1], [-1, -1], [-1, -1]]
66	009.json	11.00	background	Negative	total	[0.8178807947019867, 0.46445221445221446]	['mfi', 'inv', 'ord', 'qti', 'chicmcmuffin', 'total', '<PAD/>', '<PAD/>', '<PAD/>', '<PAD/>']	[[-0.3658940397350993, -0.09644522144522144], [-0.5852649006622517, -0.059149184149184186], [-0.3998344370860927, -0.03933566433566432], [-0.7177152317880794, -0.021853146853146876], [-0.607615894039735, -0.0020396270396270677], [-0.0033112582781456013, -0.020104895104895104], [-1, -1], [-1, -1], [-1, -1], [-1, -1]]
67	009.json	5.60	background	Negative	total	[0.8253311258278145, 0.4831002331002331]	['inv', 'ord', 'qti', 'chicmcmuffin', 'porridg', 'total', '<Number/>', '<PAD/>', '<PAD/>', '<PAD/>']	[[-0.5927152317880795, -0.07779720279720281], [-0.4072847682119205, -0.05798368298368295], [-0.7251655629139072, -0.040501165501165504], [-0.6150662251655629, -0.020687645687645695], [-0.6365894039735099, -0.0002913752913752954], [-0.010761589403973426, -0.03875291375291373], [-0.007450331125827825, -0.018648018648018627], [-1, -1], [-1, -1], [-1, -1]]
68	009.json	10.00	background	Negative	total	[0.8170529801324503, 0.5014568764568764]	['inv', 'ord', 'qti', 'chicmcmuffin', 'porridg', 'hotcak', 'total', '<Number/>', '<Number/>', '<PAD/>']	[[-0.5844370860927153, -0.09615384615384615], [-0.3990066225165563, -0.07634032634032628], [-0.716887417218543, -0.058857808857808835], [-0.6067880794701986, -0.03904428904428903], [-0.6283112582781457, -0.018648018648018627], [-0.6059602649006622, -0.0005827505827505908], [-0.002483443708609201, -0.05710955710955706], [0.0008278145695364003, -0.03700466200466196], [0.008278145695364225, -0.018356643356643332], [-1, -1]]
69	009.json	26.60	total	Positive	total	[0.8145695364238411, 0.5585664335664335]	['chicmcmuffin', 'porridg', 'hotcak', 'coke', 'takeout', '<Number/>', '<Number/>', '<Number/>', '<PAD/>', '<PAD/>']	[[-0.6043046357615894, -0.09615384615384615], [-0.6258278145695365, -0.07575757575757575], [-0.603476821192053, -0.05769230769230771], [-0.6258278145695365, -0.038461538461538436], [-0.5413907284768212, -0.0008741258741258306], [0.0033112582781456013, -0.09411421911421908], [0.010761589403973426, -0.07546620046620045], [0.002483443708609201, -0.05710955710955712], [-1, -1], [-1, -1]]
70	009.json	26.60	total	Positive	total	[0.8145695364238411, 0.5772144522144522]	['porridg', 'hotcak', 'coke', 'takeout', 'total', '<Number/>', '<Number/>', '<Number/>', '<PAD/>', '<PAD/>']	[[-0.6258278145695365, -0.09440559440559443], [-0.603476821192053, -0.07634032634032639], [-0.6258278145695365, -0.05710955710955712], [-0.5413907284768212, -0.019522144522144513], [-0.6605960264900663, -0.0011655011655011815], [0.010761589403973426, -0.09411421911421913], [0.002483443708609201, -0.0757575757575758], [0.0, -0.018648018648018683], [-1, -1], [-1, -1]]
71	009.json	100.00	background	Negative	total	[0.8038079470198676, 0.5973193473193473]	['hotcak', 'coke', 'takeout', 'total', 'cash', '<Number/>', '<Number/>', '<PAD/>', '<PAD/>', '<PAD/>']	[[-0.5927152317880795, -0.0964452214452215], [-0.615066225165563, -0.07721445221445222], [-0.5306291390728477, -0.03962703962703962], [-0.6498344370860927, -0.021270396270396286], [-0.6514900662251656, -0.002039627039627012], [0.010761589403973537, -0.03875291375291379], [0.010761589403973537, -0.020104895104895104], [-1, -1], [-1, -1], [-1, -1]]
72	009.json	73.40	background	Negative	total	[0.8145695364238411, 0.6156759906759907]	['coke', 'takeout', 'total', 'cash', 'chang', '<Number/>', '<Number/>', '<Number/>', '<PAD/>', '<PAD/>']	[[-0.6258278145695365, -0.09557109557109555], [-0.5413907284768212, -0.05798368298368295], [-0.6605960264900663, -0.03962703962703962], [-0.6622516556291391, -0.020396270396270344], [-0.7392384105960266, -0.0005827505827505908], [0.0, -0.05710955710955712], [0.0, -0.038461538461538436], [-0.010761589403973537, -0.018356643356643332], [-1, -1], [-1, -1]]
73	009.json	1.51	background	Negative	total	[0.8236754966887417, 0.6547202797202797]	['takeout', 'total', 'cash', 'chang', 'total', '<Number/>', '<Number/>', '<Number/>', '<Number/>', '<PAD/>']	[[-0.5504966887417219, -0.09702797202797198], [-0.669701986754967, -0.07867132867132864], [-0.6713576158940397, -0.05944055944055937], [-0.7483443708609272, -0.03962703962703962], [-0.5811258278145696, -0.002331002331002252], [-0.009105960264900625, -0.09615384615384615], [-0.009105960264900625, -0.07750582750582746], [-0.019867549668874163, -0.05740093240093236], [-0.009105960264900625, -0.03904428904428903], [-1, -1]]
74	011.json	RECEIPT #: CSP0393921 DATE: 15/06/2017	date	Positive	date	[0.4574468085106383, 0.36675700090334235]	['simplifi', 'cash', '<PAD/>', '<PAD/>', '<PAD/>', '<PAD/>', '<PAD/>', '<PAD/>', '<PAD/>', '<PAD/>']	[[0.02726063829787234, -0.07588075880758804], [-0.33976063829787234, -0.030713640469738013], [-1, -1], [-1, -1], [-1, -1], [-1, -1], [-1, -1], [-1, -1], [-1, -1], [-1, -1]]
75	011.json	15.00	total	Positive	total	[0.6050531914893617, 0.4365401987353207]	['cash', 'receipt', 'salesperson', 'time', 'item', 'qti', '<PAD/>', '<Number/>', '<Number/>', '<PAD/>']	[[-0.4873670212765957, -0.10049683830171635], [-0.14760638297872336, -0.06978319783197834], [-0.339095744680851, -0.057588075880758816], [0.05252659574468088, -0.05352303523035229], [-0.48803191489361697, -0.031616982836495056], [-0.13962765957446804, -0.02800361336946705], [-1, -1], [-0.4002659574468085, -0.004290876242095731], [-0.15757978723404248, -0.0015808491418247694], [-1, -1]]
76	011.json	15.00	total	Positive	total	[0.8284574468085106, 0.5185185185185185]	['<PAD/>', '<PAD/>', '<Number/>', '<Number/>', '<Number/>', '<PAD/>', '<PAD/>', 'tal', '<Number/>', 'sub']	[[-1, -1], [-1, -1], [-0.6236702127659575, -0.08626919602529354], [-0.38098404255319146, -0.08355916892502258], [-0.22340425531914898, -0.0819783197831978], [-1, -1], [-1, -1], [-0.59375, -0.04426377597109299], [-0.24401595744680848, -0.041327913279132766], [-0.30119680851063835, -0.0006775067750677266]]
77	011.json	15.00	total	Positive	total	[0.7779255319148937, 0.5582655826558266]	['tal', '<Number/>', 'sub', 'disc', 'round', 'total', '<PAD/>', '<PAD/>', '<PAD/>', '<PAD/>']	[[-0.543218085106383, -0.0840108401084011], [-0.19348404255319152, -0.08107497741644087], [-0.2506648936170214, -0.040424570912375835], [-0.24002659574468088, -0.02777777777777779], [-0.20079787234042556, -0.013775971093044292], [-0.5618351063829787, -0.0018066847335140857], [-1, -1], [-1, -1], [-1, -1], [-1, -1]]
78	011.json	15.00	total	Positive	total	[0.7792553191489362, 0.5727190605239386]	['tal', '<Number/>', 'sub', 'disc', 'round', 'total', '<Number/>', 'cash', '<PAD/>', '<PAD/>']	[[-0.5445478723404256, -0.09846431797651312], [-0.19481382978723405, -0.0955284552845529], [-0.2519946808510639, -0.054878048780487854], [-0.24135638297872342, -0.04223125564588981], [-0.2021276595744681, -0.02822944896115631], [-0.5631648936170213, -0.016260162601626105], [-0.0013297872340425343, -0.014453477868112019], [-0.5797872340425532, -0.0024841915085818123], [-1, -1], [-1, -1]]
79	011.json	14.15	background	Negative	total	[0.47273936170212766, 0.6928635953026197]	['gst', 'gst', 'code', 'amount', '<PAD/>', '<PAD/>', '<PAD/>', '<PAD/>', '<PAD/>', '<PAD/>']	[[-0.0013297872340425343, -0.08062330623306224], [0.0, -0.054200542005420016], [-0.3537234042553191, -0.026874435411020747], [-0.010638297872340441, -0.027100271002709952], [-1, -1], [-1, -1], [-1, -1], [-1, -1], [-1, -1], [-1, -1]]
80	011.json	0.85	background	Negative	total	[0.8184840425531915, 0.6933152664859982]	['gst', 'gst', 'code', 'amount', '<PAD/>', 'tax', '<PAD/>', '<Number/>', '<Number/>', '<PAD/>']	[[-0.3470744680851064, -0.08107497741644076], [-0.34574468085106386, -0.05465221318879854], [-0.699468085106383, -0.02732610659439927], [-0.3563829787234043, -0.027551942186088474], [-1, -1], [-0.027260638297872397, -0.026874435411020747], [-1, -1], [-0.34574468085106386, -0.0004516711833785214], [-0.19015957446808518, -0.0002258355916892052], [-1, -1]]
81	011.json	0.85	background	Negative	total	[0.8178191489361702, 0.7339656729900632]	['gst', 'code', 'amount', '<PAD/>', 'tax', '<PAD/>', '<Number/>', '<Number/>', '<Number/>', 'tax']	[[-0.3450797872340426, -0.09530261969286358], [-0.6988031914893618, -0.06797651309846431], [-0.35571808510638303, -0.06820234869015351], [-1, -1], [-0.02659574468085113, -0.06752484191508579], [-1, -1], [-0.3450797872340426, -0.04110207768744356], [-0.1894946808510639, -0.040876242095754245], [0.0006648936170212671, -0.04065040650406504], [-0.2606382978723405, -0.0006775067750677266]]
82	012.json	1.00	background	Negative	total	[0.1539491298527443, 0.46706798866855526]	['cashler', '<PAD/>', '<PAD/>', '<PAD/>', '<PAD/>', '<PAD/>', '<PAD/>', '<PAD/>', '<PAD/>', '<PAD/>']	[[0.012717536813922348, -0.0931303116147309], [-1, -1], [-1, -1], [-1, -1], [-1, -1], [-1, -1], [-1, -1], [-1, -1], [-1, -1], [-1, -1]]
83	012.json	15.90	total	Positive	total	[0.4504685408299866, 0.4695467422096317]	['cashler', 'cashier', 'mmx', '<Number/>', '<PAD/>', '<PAD/>', '<PAD/>', '<PAD/>', '<PAD/>', '<PAD/>']	[[-0.2838018741633199, -0.09560906515580736], [-0.03882195448460507, -0.09277620396600567], [-0.18406961178045517, -0.028682719546742175], [-0.2965194109772423, -0.0024787535410764616], [-1, -1], [-1, -1], [-1, -1], [-1, -1], [-1, -1], [-1, -1]]
84	012.json	15.90	total	Positive	total	[0.643908969210174, 0.46990084985835695]	['cashler', 'cashier', '<PAD/>', 'mmx', '<Number/>', '<PAD/>', '<Number/>', '<PAD/>', '<PAD/>', '<PAD/>']	[[-0.4772423025435074, -0.09596317280453259], [-0.2322623828647925, -0.0931303116147309], [-1, -1], [-0.3775100401606426, -0.029036827195467407], [-0.4899598393574297, -0.002832861189801694], [-1, -1], [-0.19344042838018743, -0.0003541076487252326], [-1, -1], [-1, -1], [-1, -1]]
85	012.json	15.90	total	Positive	total	[0.642570281124498, 0.5024787535410765]	['mmx', '<Number/>', '<PAD/>', '<Number/>', '<Number/>', 'subtot', '<PAD/>', '<PAD/>', '<PAD/>', '<PAD/>']	[[-0.37617135207496655, -0.061614730878186974], [-0.48862115127175365, -0.03541076487252126], [-1, -1], [-0.19210174029451138, -0.0329320113314448], [0.0013386880856760541, -0.03257790368271957], [-0.32396251673360105, -0.0003541076487252326], [-1, -1], [-1, -1], [-1, -1], [-1, -1]]
86	012.json	15.00	background	Negative	total	[0.64190093708166, 0.5382436260623229]	['mmx', '<Number/>', '<PAD/>', '<Number/>', '<Number/>', 'subtot', '<Number/>', 'total', '<PAD/>', '<PAD/>']	[[-0.3755020080321285, -0.09737960339943336], [-0.4879518072289156, -0.07117563739376764], [-1, -1], [-0.19143239625167335, -0.06869688385269118], [0.002008032128514081, -0.06834277620396595], [-0.323293172690763, -0.036118980169971615], [0.0006693440428380271, -0.03576487252124638], [-0.38821954484605087, -0.001770538243626052], [-1, -1], [-1, -1]]
87	012.json	15.90	total	Positive	total	[0.6412315930388219, 0.5690509915014165]	['<Number/>', '<PAD/>', '<Number/>', 'subtot', '<Number/>', 'total', '<Number/>', 'total', '<PAD/>', '<PAD/>']	[[-0.4872824631860776, -0.10198300283286121], [-1, -1], [-0.19076305220883533, -0.09950424929178475], [-0.322623828647925, -0.06692634560906519], [0.0013386880856760541, -0.06657223796033995], [-0.38755020080321284, -0.03257790368271962], [0.0006693440428380271, -0.03080736543909357], [-0.38353413654618473, -0.002478753541076517], [-1, -1], [-1, -1]]
88	012.json	15.90	total	Positive	total	[0.6392235609103079, 0.6012747875354107]	['subtot', 'total', '<Number/>', 'total', '<Number/>', 'total', '<PAD/>', '<PAD/>', '<PAD/>', '<PAD/>']	[[-0.3206157965194109, -0.09915014164305946], [-0.38554216867469876, -0.0648016997167139], [0.0026773761713521083, -0.06303116147308785], [-0.38152610441767065, -0.034702549575070796], [0.002008032128514081, -0.03222379603399428], [-0.396251673360107, -0.001770538243626052], [-1, -1], [-1, -1], [-1, -1], [-1, -1]]
89	012.json	50.00	background	Negative	total	[0.6372155287817939, 0.6292492917847026]	['total', '<Number/>', 'total', '<Number/>', 'total', '<Number/>', 'payment', '<PAD/>', '<PAD/>', '<PAD/>']	[[-0.3835341365461848, -0.09277620396600572], [0.004685408299866078, -0.09100566572237967], [-0.3795180722891567, -0.06267705382436262], [0.004016064257028051, -0.0601983002832861], [-0.39424364123159306, -0.029745042492917873], [0.00200803212851397, -0.02797450424929182], [-0.3266398929049532, 0.0010623229461755868], [-1, -1], [-1, -1], [-1, -1]]
90	012.json	34.10	background	Negative	total	[0.6378848728246319, 0.6565155807365439]	['total', '<Number/>', 'total', '<Number/>', 'payment', '<Number/>', 'chang', '<PAD/>', '<PAD/>', '<PAD/>']	[[-0.3801874163319947, -0.08994334277620397], [0.0033467202141900243, -0.08746458923512745], [-0.3949129852744311, -0.05701133144475923], [0.001338688085675943, -0.055240793201133176], [-0.32730923694779124, -0.02620396600566577], [-0.0006693440428380271, -0.027266288951841355], [-0.354082998661312, 0.0014164305949008194], [-1, -1], [-1, -1], [-1, -1]]
91	012.json	15.00	background	Negative	total	[0.5180722891566265, 0.7606232294617564]	['chang', 'total', '<PAD/>', 'amount', '<PAD/>', '<PAD/>', 'ummari', '<PAD/>', '<PAD/>', '<PAD/>']	[[-0.23427041499330659, -0.10269121813031168], [-0.3192771084337349, -0.06905099150141647], [-1, -1], [-0.05823293172690763, -0.033286118980169976], [-1, -1], [-1, -1], [-0.2697456492637216, -0.03222379603399439], [-1, -1], [-1, -1], [-1, -1]]
92	012.json	0.90	background	Negative	total	[0.750334672021419, 0.7606232294617564]	['chang', 'total', '<PAD/>', 'amount', 'tax', '<PAD/>', '<PAD/>', '<Number/>', 'ummari', '<PAD/>']	[[-0.4665327978580991, -0.10269121813031168], [-0.5515394912985274, -0.06905099150141647], [-1, -1], [-0.29049531459170014, -0.033286118980169976], [-0.03480589022757696, -0.034348441926345674], [-1, -1], [-1, -1], [-0.2322623828647925, 0.0], [-0.5020080321285141, -0.03222379603399439], [-1, -1]]
93	014.json	DATE: 22/12/2017	date	Positive	date	[0.808974358974359, 0.1668297455968689]	['<PAD/>', 'batu', 'jalan', 'gst', 'tax', '<PAD/>', '<PAD/>', '<PAD/>', '<PAD/>', '<PAD/>']	[[-1, -1], [-0.275, -0.08757338551859101], [-0.2775641025641026, -0.07045009784735813], [-0.27692307692307694, -0.036448140900195686], [-0.2782051282051282, -0.013209393346379661], [-1, -1], [-1, -1], [-1, -1], [-1, -1], [-1, -1]]
94	014.json	0.85	background	Negative	total	[0.4987179487179487, 0.26956947162426614]	['doc', '<PAD/>', 'cashier', 'eira', 'salesperson', 'item', 'qti', 'price', '<Number/>', '<Number/>']	[[-0.3384615384615385, -0.09466731898238748], [-1, -1], [-0.3391025641025641, -0.07558708414872797], [-0.12307692307692308, -0.07460861056751467], [-0.2326923076923077, -0.05503913894324852], [-0.3730769230769231, -0.01761252446183953], [-0.1282051282051282, -0.015410958904109595], [-0.0006410256410256387, -0.015410958904109595], [-0.2980769230769231, -0.0014677103718199747], [-0.12884615384615383, -0.00024461839530331986]]
95	014.json	0.90	background	Negative	total	[0.6371794871794871, 0.26810176125244617]	['eira', 'salesperson', 'item', 'qti', 'price', 'gst', 'price', '<Number/>', '<Number/>', '<Number/>']	[[-0.2615384615384615, -0.07314090019569469], [-0.3711538461538461, -0.05357142857142855], [-0.5115384615384615, -0.016144814090019555], [-0.2666666666666666, -0.01394324853228962], [-0.13910256410256405, -0.01394324853228962], [0.0012820512820512775, -0.02788649706457924], [0.0, -0.015900195694716235], [-0.4365384615384615, 0.0], [-0.26730769230769225, 0.0012230919765166548], [-0.1384615384615384, 0.0014677103718199747]]
96	014.json	15.25	background	Negative	total	[0.8185897435897436, 0.26467710371819964]	['time', 'salesperson', 'ref', 'item', 'qti', 'price', 'gst', 'gst', 'price', 'amount']	[[-0.028205128205128216, -0.07705479452054798], [-0.5525641025641026, -0.050146771037182014], [-0.09807692307692306, -0.05381604696673192], [-0.6929487179487179, -0.012720156555773021], [-0.44807692307692304, -0.010518590998043087], [-0.3205128205128205, -0.010518590998043087], [-0.18012820512820515, -0.024461839530332707], [-0.0038461538461538325, -0.028864970645792604], [-0.18141025641025643, -0.012475538160469701], [-0.017948717948717885, -0.015655577299412943]]
97	014.json	3.55	background	Negative	total	[0.49615384615384617, 0.3074853228962818]	['salesperson', 'item', 'qti', 'price', '<Number/>', '<Number/>', '<Number/>', 'delicia', '<Number/>', '<Number/>']	[[-0.23012820512820514, -0.09295499021526415], [-0.37051282051282053, -0.05552837573385516], [-0.12564102564102564, -0.05332681017612523], [0.0019230769230769162, -0.05332681017612523], [-0.2955128205128205, -0.03938356164383561], [-0.12628205128205128, -0.03816046966731895], [0.002564102564102555, -0.03791585127201563], [-0.20256410256410257, -0.019814090019569464], [-0.2974358974358975, -0.0014677103718199191], [-0.13012820512820517, 0.0]]
98	014.json	3.55	background	Negative	total	[0.6346153846153846, 0.3062622309197652]	['gst', 'price', '<Number/>', '<Number/>', '<Number/>', '<Number/>', 'delicia', '<Number/>', '<Number/>', '<Number/>']	[[0.0038461538461538325, -0.06604696673189825], [0.002564102564102555, -0.05406066536203524], [-0.43397435897435893, -0.03816046966731901], [-0.2647435897435897, -0.03693737769080235], [-0.13589743589743586, -0.03669275929549903], [0.002564102564102555, -0.03816046966731901], [-0.341025641025641, -0.018590998043052864], [-0.4358974358974359, -0.00024461839530331986], [-0.2685897435897436, 0.0012230919765165993], [-0.1384615384615384, 0.0012230919765165993]]
99	014.json	3.55	background	Negative	total	[0.823076923076923, 0.30406066536203524]	['price', 'amount', '<Number/>', '<Number/>', '<Number/>', '<Number/>', '<Number/>', 'delicia', '<Number/>', '<Number/>']	[[-0.1858974358974359, -0.05185909980430531], [-0.022435897435897356, -0.05503913894324855], [-0.6224358974358974, -0.035958904109589074], [-0.45320512820512815, -0.03473581213307242], [-0.3243589743589743, -0.0344911937377691], [-0.1858974358974359, -0.035958904109589074], [-0.004487179487179471, -0.03938356164383561], [-0.5294871794871794, -0.01638943248532293], [-0.6243589743589744, 0.0019569471624266144], [-0.18846153846153846, 0.0022015655577299342]]
